0x0	0xe
0x0	0x11
0xc8	0xd2
0xc8	0x1dc8
0x107	0x113
0x107	0x136c
0x113	0xde8B0x113
0x186	0x192
0x186	0x1438
0x192	0xde8B0x192
0x1b9	0x357
0x1b9	0x1e5
0x1fd	0x309
0x1fd	0x220
0x36a	0x376
0x36a	0x147c
0x376	0xde8B0x376
0x3a0	0xdfeB0x3a0
0x41a	0x426
0x41a	0x1504
0x426	0xde8B0x426
0x453	0x45f
0x453	0x1548
0x45f	0xde8B0x45f
0x4ae	0x116a0x49c
0x50c	0x518
0x50c	0x1614
0x518	0xde8B0x518
0x544	0x550
0x544	0x1659
0x550	0x119d0x53d
0xaf6	0xb02
0xaf6	0x1889
0xb02	0x119d0xaf0
0xcf3	0xcff
0xcf3	0x1966
0xcff	0xf83
0xd19	0xd25
0xd19	0x19ac
0xd25	0x116a0xd13
0xd3a	0xd46
0xd3a	0x19f2
0xd46	0xdd2B0xd46
0xe92	0xfb8
0xe92	0x1012
0xea2	0xfce
0x1002	0x1016
0x1002	0x100c
0x11	0x1e2a
0x11	0x23
0x11d	0x116a0x100
0x199	0xdd2B0x199
0x1a1	0x1b9
0x1a1	0x35f
0x44	0x1e14
0x44	0x4f
0x357	0x1e5
0x34d	0x1ef
0x344	0x1f7
0x309	0x220
0x122d	0x1248
0x122d	0x1249
0x220	0x122d
0x1f7	0x1fd
0x1f7	0x335
0x1ef	0x344
0x1ef	0x1f7
0x1e5	0x34d
0x1e5	0x1ef
0x37d	0x3a0
0x37d	0x3da
0x3a9	0x3d6
0x46b	0x103d
0x103d	0xdfeB0x103d
0xf83	0xe68B0xf83
0xd4d	0x10e1B0xd4d
0xd8d	0xe2bB0xd8d
0xdad	0xdcd
0xff7	0x1002
0xff7	0x1c4c
0xf97	0xe8a
0xfb8	0xe97
0xe8a	0xe92
0xe8a	0x1b27
0xfce	0xf69B0xfce
0xe97	0xea2
0xe97	0x1b5a
0x1012	0xd0b
0x1016	0xe68B0x1016
0x102a	0x100c
0x1d9e	0xea7B0x1d9e
0x100c	0xe8a
0x1062	0x1030B0x1062
0x106b	0x474
0xd5	0x1306
0xd5	0xdb
0x100	0x107
0x100	0x134a
0x12d	0x138e
0x12d	0x134
0x156	0x13d2
0x156	0x15d
0x17f	0x186
0x17f	0x1416
0x363	0x36a
0x363	0x145a
0x3de	0x149e
0x3de	0x3e5
0x413	0x41a
0x413	0x14e2
0x44c	0x453
0x44c	0x1526
0x47e	0x156a
0x47e	0x485
0x49c	0x15ae
0x49c	0x4a3
0x505	0x50c
0x505	0x15f2
0x53d	0x544
0x53d	0x1636
0xaf0	0xaf6
0xaf0	0x1866
0xced	0xcf3
0xced	0x1943
0xd13	0xd19
0xd13	0x1989
0xd34	0xd3a
0xd34	0x19cf
0x39	0x44
0x39	0x1e1c
0x5a	0x1e09
0x5a	0x65
0x23	0x1e27
0x23	0x2e
0x2e	0x1e24
0x2e	0x39
0x4f	0x1e11
0x4f	0x5a
0x65	0x1e06
0x65	0x70
0x70	0x1e03
0x70	0x7b
0x7b	0x1e00
0x7b	0x86
0x86	0x1df8
0x86	0x91
0x91	0x1df5
0x91	0x9c
0x9c	0x1dd4
0x9c	0xa7
0xa7	0x1dd1
0xa7	0xb2
0xb2	0x1dce
0xb2	0xbd
0xbd	0xc8
0xbd	0x1dcb
0xdb	0xe6
0xdb	0x1328
0x134	0x13f
0x134	0x13b0
0x15d	0x168
0x15d	0x13f4
0x3e5	0x3f0
0x3e5	0x14c0
0x485	0x490
0x485	0x158c
0x4a3	0x4ae
0x4a3	0x15d0
0x119d0x53d	0x11b40x53d
0x119d0x53d	0x11c60x53d
0x119d0xaf0	0x11b40xaf0
0x119d0xaf0	0x11c60xaf0
0x116a0x100	0x11890x100
0x116a0x100	0x118a0x100
0x116a0x49c	0x11890x49c
0x116a0x49c	0x118a0x49c
0x116a0xd13	0x11890xd13
0x116a0xd13	0x118a0xd13
0xde8B0x113	0x1a38B0x113
0xde8B0x113	0xdfdB0x113
0xde8B0x192	0x1a38B0x192
0xde8B0x192	0xdfdB0x192
0xde8B0x376	0x1a38B0x376
0xde8B0x376	0xdfdB0x376
0xe08B0x3a0	0x3a9
0xdfeB0x3a0	0xe08B0x3a0
0xdfeB0x3a0	0x1a5bB0x3a0
0xde8B0x426	0x1a38B0x426
0xde8B0x426	0xdfdB0x426
0xde8B0x45f	0x1a38B0x45f
0xde8B0x45f	0xdfdB0x45f
0xde8B0x518	0x1a38B0x518
0xde8B0x518	0xdfdB0x518
0xdd2B0xd46	0x1a15B0xd46
0xdd2B0xd46	0xde7B0xd46
0xdd2B0x199	0x1a15B0x199
0xdd2B0x199	0xde7B0x199
0xe08B0x103d	0x1062
0xdfeB0x103d	0xe08B0x103d
0xdfeB0x103d	0x1a5bB0x103d
0xe86B0xf83	0xf97
0xe68B0xf83	0xe86B0xf83
0xe68B0xf83	0x1af4B0xf83
0x10e1B0xd4d	0x1152B0xd4d
0x10e1B0xd4d	0x1123B0xd4d
0x1152B0xd4d	0x1ce8B0xd4d
0x1152B0xd4d	0x115dB0xd4d
0x1123B0xd4d	0x1ca9B0xd4d
0x1123B0xd4d	0x1130B0xd4d
0x115dB0xd4d	0x1123B0xd4d
0xe2bB0xd8d	0x1a8eB0xd8d
0xe2bB0xd8d	0xe37B0xd8d
0xe86B0x1016	0x1d9e
0xe68B0x1016	0xe86B0x1016
0xe68B0x1016	0x1af4B0x1016
0x1030B0x1062	0x1c76B0x1062
0x1030B0x1062	0x103cB0x1062
0xf69B0xfce	0xf2dB0xf69B0xfce
0xf4aB0xf69B0xfce	0xf3dB0xf69B0xfce
0xf3dB0xf69B0xfce	0xf4aB0xf69B0xfce
0xf3dB0xf69B0xfce	0xf45B0xf69B0xfce
0xf2dB0xf69B0xfce	0xf3dB0xf69B0xfce
0xf45B0xf69B0xfce	0xf80B0xfce
0xec4B0x1d9e	0x1bd3B0x1d9e
0xec4B0x1d9e	0xed1B0x1d9e
0xf0cB0x1d9e	0xf10B0x1d9e
0xef9B0x1d9e	0xf0cB0x1d9e
0xef9B0x1d9e	0x1c29B0x1d9e
0xf1dB0x1d9e	0xf10B0x1d9e
0xf10B0x1d9e	0xf1dB0x1d9e
0xf10B0x1d9e	0xf18B0x1d9e
0xea7B0x1d9e	0x1b8dB0x1d9e
0xea7B0x1d9e	0xeb2B0x1d9e
0xeb2B0x1d9e	0xec4B0x1d9e
0xeb2B0x1d9e	0x1bb0B0x1d9e
0xed1B0x1d9e	0x1bf6B0x1d9e
0xed1B0x1d9e	0xee3B0x1d9e
0xee3B0x1d9e	0xe68B0xee3B0x1d9e
0xe86B0xee3B0x1d9e	0xef9B0x1d9e
0xe68B0xee3B0x1d9e	0xe86B0xee3B0x1d9e
0xe68B0xee3B0x1d9e	0x1af4B0xee3B0x1d9e
0xdfdB0x113	0x11d
0xdfdB0x192	0x199
0xdfdB0x376	0x37d
0xdfdB0x426	0x43b
0xdfdB0x45f	0x46b
0xdfdB0x518	0x52d
0xde7B0xd46	0xd4d
0xde7B0x199	0x1a1
0x1130B0xd4d	0xd8d
0xe37B0xd8d	0xdad
0x103cB0x1062	0x106b
0xf80B0xfce	0xff7
0xf18B0x1d9e	0x102a
